Dataset,0,1,2,3,4,5,6,7,8,9,10,11,12,13,14,15,16,17,18,19,20,21,22,23,24,25,26,27,28,29,Average Accuracy,Average Train Time,Average Test Time
ACSF1,0.94,0.82,0.86,0.86,0.86,0.93,0.86,0.84,0.77,0.82,0.82,0.88,0.87,0.75,0.83,0.81,0.88,0.88,0.83,0.79,0.87,0.86,0.77,0.87,0.84,0.86,0.84,0.87,0.79,0.89,0.845333333,6.269127369,2.500789849
AconityMINIPrinterLarge_eq,0.95777027,0.956081081,0.954391892,0.959459459,0.95777027,0.956081081,0.960304054,0.954391892,0.961148649,0.959459459,0.959459459,0.958614865,0.960304054,0.951858108,0.964527027,0.961993243,0.960304054,0.947635135,0.960304054,0.961993243,0.967905405,0.956925676,0.964527027,0.94847973,0.956925676,0.962837838,0.958614865,0.965371622,0.953547297,0.969594595,0.958952703,56.53922176,5.697260833
AconityMINIPrinterSmall_eq,0.982876712,0.97260274,0.979452055,0.982876712,0.979452055,0.979452055,0.989726027,0.982876712,0.97260274,0.98630137,0.982876712,0.97260274,0.95890411,0.97260274,0.976027397,0.979452055,0.98630137,0.979452055,0.976027397,0.989726027,0.976027397,0.98630137,0.965753425,0.969178082,0.976027397,0.962328767,0.982876712,0.982876712,0.982876712,0.976027397,0.978082192,11.7858206,1.5240611
Adiac,0.854219949,0.826086957,0.797953964,0.820971867,0.833759591,0.815856777,0.833759591,0.826086957,0.803069054,0.805626598,0.805626598,0.792838875,0.826086957,0.803069054,0.826086957,0.826086957,0.818414322,0.787723785,0.803069054,0.820971867,0.803069054,0.833759591,0.833759591,0.800511509,0.813299233,0.828644501,0.810741688,0.815856777,0.83887468,0.805626598,0.817050298,4.541445541,1.021467924
AllGestureWiimoteX_eq,0.72,0.761428571,0.697142857,0.724285714,0.698571429,0.735714286,0.737142857,0.725714286,0.714285714,0.732857143,0.705714286,0.741428571,0.727142857,0.724285714,0.704285714,0.727142857,0.75,0.717142857,0.738571429,0.75,0.742857143,0.717142857,0.724285714,0.725714286,0.732857143,0.714285714,0.707142857,0.741428571,0.745714286,0.715714286,0.726666667,11.29032816,5.631680719
AllGestureWiimoteY_eq,0.731428571,0.747142857,0.771428571,0.797142857,0.737142857,0.765714286,0.742857143,0.764285714,0.755714286,0.761428571,0.777142857,0.764285714,0.754285714,0.772857143,0.758571429,0.782857143,0.745714286,0.732857143,0.762857143,0.752857143,0.741428571,0.762857143,0.784285714,0.757142857,0.757142857,0.782857143,0.738571429,0.785714286,0.775714286,0.764285714,0.760952381,10.50035186,5.185682774
AllGestureWiimoteZ_eq,0.701428571,0.7,0.721428571,0.71,0.69,0.705714286,0.738571429,0.735714286,0.698571429,0.704285714,0.707142857,0.68,0.718571429,0.7,0.705714286,0.707142857,0.72,0.71,0.724285714,0.724285714,0.732857143,0.734285714,0.74,0.744285714,0.691428571,0.745714286,0.725714286,0.712857143,0.747142857,0.677142857,0.715142857,11.48732181,5.804620147
ArrowHead,0.817142857,0.794285714,0.868571429,0.845714286,0.851428571,0.874285714,0.897142857,0.851428571,0.857142857,0.897142857,0.817142857,0.874285714,0.771428571,0.885714286,0.857142857,0.851428571,0.765714286,0.862857143,0.828571429,0.868571429,0.902857143,0.817142857,0.777142857,0.845714286,0.897142857,0.845714286,0.902857143,0.868571429,0.857142857,0.862857143,0.85047619,1.318966754,0.737139074
AsphaltObstaclesUni_eq,0.895140665,0.864450128,0.877237852,0.846547315,0.864450128,0.89769821,0.836317136,0.89258312,0.864450128,0.890025575,0.882352941,0.887468031,0.864450128,0.867007673,0.867007673,0.833759591,0.869565217,0.869565217,0.887468031,0.867007673,0.874680307,0.879795396,0.89769821,0.884910486,0.877237852,0.884910486,0.861892583,0.884910486,0.879795396,0.879795396,0.874339301,12.77939005,4.547274113
AsphaltPavementTypeUni_eq,0.935606061,0.934659091,0.945075758,0.944128788,0.945075758,0.947916667,0.941287879,0.949810606,0.946969697,0.948863636,0.946022727,0.93844697,0.950757576,0.931818182,0.945075758,0.934659091,0.942234848,0.93655303,0.950757576,0.935606061,0.945075758,0.954545455,0.935606061,0.93655303,0.934659091,0.930871212,0.934659091,0.943181818,0.934659091,0.947916667,0.941635101,60.86802689,37.48736168
AsphaltRegularityUni_eq,0.992010652,0.990679095,0.989347537,0.989347537,0.99334221,0.990679095,0.986684421,0.988015979,0.998668442,0.996005326,0.985352863,0.985352863,0.986684421,0.996005326,0.988015979,0.994673768,0.992010652,0.989347537,0.990679095,0.986684421,0.992010652,0.986684421,0.986684421,0.989347537,0.989347537,0.985352863,0.990679095,0.99334221,0.996005326,0.99334221,0.990412783,110.8509009,74.62003579
BME,1,1,1,1,1,1,1,1,1,1,1,1,1,1,1,1,1,1,1,1,1,1,1,1,1,1,1,1,1,1,1,1.02616713,0.381636715
Beef,0.766666667,0.7,0.766666667,0.7,0.933333333,0.733333333,0.9,0.8,0.9,0.933333333,0.833333333,0.833333333,0.933333333,0.6,0.966666667,0.8,0.8,0.833333333,0.666666667,0.9,0.7,0.933333333,0.8,0.666666667,0.766666667,0.7,0.833333333,0.866666667,0.9,0.9,0.812222222,1.700106867,0.322468869
BeetleFly,0.9,0.9,0.8,0.95,0.85,0.9,1,0.9,0.8,1,1,0.9,0.8,0.8,0.8,0.95,0.8,0.85,0.9,0.9,0.85,0.95,0.9,1,0.9,1,0.85,0.8,0.8,0.95,0.89,1.380011392,0.276127855
BirdChicken,0.9,0.95,0.9,1,1,1,1,0.9,0.95,0.95,0.95,0.95,1,0.95,0.85,0.95,1,1,0.95,1,0.95,0.95,1,1,0.9,1,0.9,0.85,0.95,0.9,0.951666667,1.267328421,0.270169226
CBF,0.994444444,0.984444444,0.976666667,0.974444444,0.984444444,0.99,0.997777778,0.994444444,0.996666667,0.992222222,0.993333333,0.98,0.991111111,0.997777778,0.995555556,0.997777778,0.987777778,0.988888889,0.986666667,0.992222222,0.957777778,0.997777778,0.997777778,0.995555556,1,0.994444444,0.992222222,0.985555556,0.995555556,0.992222222,0.990185185,1.030116828,1.820721269
Car,0.933333333,0.866666667,0.933333333,0.933333333,0.833333333,0.9,0.866666667,0.95,0.933333333,0.966666667,0.9,0.883333333,0.916666667,0.95,0.85,0.916666667,0.933333333,0.95,0.883333333,0.933333333,0.9,0.933333333,0.966666667,0.933333333,0.916666667,0.9,0.9,0.916666667,0.9,0.866666667,0.912222222,2.466642952,0.645847225
Chinatown,0.982507289,0.976676385,0.982507289,0.965014577,0.976676385,0.956268222,0.967930029,0.982507289,0.982507289,0.965014577,0.970845481,0.947521866,0.976676385,0.982507289,0.973760933,0.967930029,0.976676385,0.967930029,0.979591837,0.967930029,0.970845481,0.973760933,0.970845481,0.962099125,0.973760933,0.962099125,0.979591837,0.967930029,0.973760933,0.965014577,0.971622935,0.323031346,0.133566952
ChlorineConcentration,0.78984375,0.794010417,0.79765625,0.794270833,0.789322917,0.78046875,0.79609375,0.78515625,0.78359375,0.75546875,0.78828125,0.7671875,0.81015625,0.778125,0.797135417,0.77265625,0.791927083,0.798958333,0.780989583,0.790885417,0.787760417,0.77265625,0.78515625,0.790104167,0.813541667,0.75703125,0.761458333,0.761197917,0.7875,0.779947917,0.784618056,13.46577109,10.28074393
CinCECGTorso,1,0.991304348,0.997101449,0.994202899,1,0.994202899,0.923913043,1,0.992753623,1,0.988405797,0.998550725,1,1,1,1,0.981884058,1,0.977536232,1,0.996376812,1,0.999275362,0.999275362,1,0.985507246,0.994927536,0.999275362,1,0.987681159,0.993405797,2.376195701,33.21183047
Coffee,1,1,1,1,1,1,1,1,1,1,1,1,1,1,1,1,1,1,1,1,1,1,1,1,1,1,1,1,1,1,1,1.005719884,0.183770434
Colposcopy,0.435643564,0.405940594,0.415841584,0.425742574,0.455445545,0.425742574,0.396039604,0.415841584,0.386138614,0.356435644,0.445544554,0.396039604,0.425742574,0.386138614,0.336633663,0.396039604,0.356435644,0.396039604,0.415841584,0.405940594,0.386138614,0.425742574,0.425742574,0.405940594,0.425742574,0.425742574,0.415841584,0.396039604,0.425742574,0.415841584,0.407590759,3.350068823,0.383583824
Computers,0.756,0.82,0.844,0.82,0.832,0.836,0.804,0.82,0.848,0.848,0.832,0.828,0.84,0.86,0.84,0.828,0.852,0.876,0.804,0.824,0.848,0.82,0.836,0.832,0.848,0.84,0.82,0.844,0.836,0.82,0.831866667,8.030096149,2.787334029
Covid3Month_disc,0.721311475,0.655737705,0.557377049,0.655737705,0.655737705,0.62295082,0.62295082,0.606557377,0.655737705,0.590163934,0.62295082,0.639344262,0.639344262,0.606557377,0.573770492,0.606557377,0.62295082,0.590163934,0.573770492,0.639344262,0.62295082,0.68852459,0.606557377,0.573770492,0.606557377,0.62295082,0.672131148,0.606557377,0.672131148,0.62295082,0.625136612,1.780848074,0.117256745
CricketX,0.766666667,0.817948718,0.787179487,0.792307692,0.776923077,0.78974359,0.787179487,0.78974359,0.807692308,0.797435897,0.81025641,0.825641026,0.805128205,0.787179487,0.761538462,0.797435897,0.817948718,0.784615385,0.753846154,0.820512821,0.8,0.771794872,0.782051282,0.812820513,0.8,0.807692308,0.825641026,0.78974359,0.81025641,0.776923077,0.795128205,12.62470011,1.884332887
CricketY,0.820512821,0.792307692,0.8,0.787179487,0.792307692,0.838461538,0.823076923,0.815384615,0.807692308,0.797435897,0.792307692,0.835897436,0.807692308,0.797435897,0.843589744,0.774358974,0.856410256,0.846153846,0.81025641,0.81025641,0.835897436,0.802564103,0.81025641,0.823076923,0.817948718,0.812820513,0.792307692,0.782051282,0.823076923,0.81025641,0.811965812,11.7110087,1.848742938
CricketZ,0.823076923,0.792307692,0.805128205,0.830769231,0.830769231,0.817948718,0.817948718,0.823076923,0.823076923,0.812820513,0.833333333,0.841025641,0.792307692,0.841025641,0.776923077,0.784615385,0.784615385,0.817948718,0.787179487,0.817948718,0.823076923,0.779487179,0.792307692,0.8,0.815384615,0.812820513,0.835897436,0.794871795,0.787179487,0.817948718,0.81042735,11.03713233,1.766665419
Crop,0.774761905,0.769642857,0.772202381,0.77375,0.773511905,0.774761905,0.776607143,0.772261905,0.77047619,0.773511905,0.772261905,0.772380952,0.77547619,0.775714286,0.770535714,0.773035714,0.774107143,0.772797619,0.769166667,0.776666667,0.771309524,0.776130952,0.774464286,0.775119048,0.773333333,0.776547619,0.773333333,0.769404762,0.772738095,0.774345238,0.773345238,220.7569297,11.23253463
DiatomSizeReduction,0.911764706,0.967320261,0.888888889,0.89869281,0.931372549,0.970588235,0.947712418,0.931372549,0.973856209,0.950980392,0.888888889,0.947712418,0.967320261,0.924836601,0.928104575,0.885620915,0.921568627,0.95751634,0.973856209,0.895424837,0.973856209,0.983660131,0.947712418,0.95751634,0.888888889,0.983660131,0.934640523,0.970588235,0.964052288,0.967320261,0.941176471,0.865184037,1.461701544
DistalPhalanxOutlineAgeGroup,0.741007194,0.805755396,0.805755396,0.848920863,0.741007194,0.741007194,0.820143885,0.81294964,0.776978417,0.784172662,0.776978417,0.827338129,0.834532374,0.776978417,0.841726619,0.834532374,0.776978417,0.856115108,0.805755396,0.834532374,0.769784173,0.820143885,0.81294964,0.769784173,0.791366906,0.81294964,0.805755396,0.81294964,0.863309353,0.784172662,0.802877698,4.186622032,0.224505742
DistalPhalanxOutlineCorrect,0.804347826,0.815217391,0.865942029,0.81884058,0.858695652,0.862318841,0.829710145,0.826086957,0.851449275,0.873188406,0.829710145,0.851449275,0.869565217,0.884057971,0.844202899,0.844202899,0.855072464,0.807971014,0.869565217,0.833333333,0.84057971,0.865942029,0.815217391,0.865942029,0.858695652,0.822463768,0.797101449,0.836956522,0.81884058,0.836956522,0.84178744,7.442384481,0.39987975
DistalPhalanxTW,0.676258993,0.705035971,0.71942446,0.712230216,0.726618705,0.676258993,0.683453237,0.712230216,0.712230216,0.71942446,0.683453237,0.683453237,0.625899281,0.654676259,0.71942446,0.726618705,0.683453237,0.661870504,0.705035971,0.71942446,0.705035971,0.690647482,0.705035971,0.697841727,0.73381295,0.676258993,0.712230216,0.71942446,0.683453237,0.71942446,0.698321343,4.370916835,0.210563016
DodgerLoopDay_nmv,0.675324675,0.545454545,0.714285714,0.701298701,0.649350649,0.636363636,0.662337662,0.571428571,0.636363636,0.688311688,0.649350649,0.558441558,0.584415584,0.636363636,0.623376623,0.688311688,0.597402597,0.636363636,0.597402597,0.688311688,0.688311688,0.584415584,0.649350649,0.688311688,0.649350649,0.688311688,0.623376623,0.61038961,0.623376623,0.662337662,0.64025974,2.737668808,0.484533946
DodgerLoopGame_nmv,0.881889764,0.850393701,0.811023622,0.929133858,0.826771654,0.897637795,0.866141732,0.897637795,0.952755906,0.921259843,0.818897638,0.866141732,0.88976378,0.881889764,0.850393701,0.913385827,0.897637795,0.818897638,0.88976378,0.905511811,0.826771654,0.818897638,0.929133858,0.858267717,0.826771654,0.937007874,0.866141732,0.913385827,0.850393701,0.897637795,0.876377953,1.223386327,0.73133266
DodgerLoopWeekend_nmv,0.984126984,0.984126984,0.984126984,0.984126984,0.984126984,0.984126984,0.984126984,0.984126984,0.984126984,0.976190476,0.984126984,1,0.984126984,0.984126984,0.984126984,0.992063492,0.984126984,0.984126984,0.984126984,0.984126984,0.984126984,0.976190476,0.984126984,0.984126984,0.984126984,0.984126984,0.984126984,0.984126984,0.984126984,0.984126984,0.984391534,0.979493626,0.573562185
ECG200,0.93,0.84,0.9,0.88,0.91,0.92,0.89,0.88,0.91,0.86,0.88,0.87,0.87,0.86,0.89,0.88,0.87,0.84,0.9,0.83,0.84,0.86,0.83,0.93,0.9,0.92,0.87,0.9,0.86,0.92,0.881333333,1.497552347,0.216593973
ECG5000,0.942666667,0.946888889,0.945333333,0.948444444,0.945555556,0.947555556,0.944444444,0.942222222,0.947555556,0.944888889,0.947111111,0.942444444,0.951111111,0.944222222,0.946222222,0.944888889,0.946444444,0.942,0.943777778,0.949555556,0.951333333,0.946444444,0.942444444,0.946888889,0.945555556,0.947333333,0.943555556,0.944444444,0.950666667,0.945555556,0.945918519,2.891309706,8.460285465
ECGFiveDays,0.99883856,0.99883856,0.99883856,0.99883856,0.991869919,0.995354239,0.962833914,0.979094077,0.99883856,0.990708479,0.99883856,0.996515679,0.99883856,0.979094077,0.994192799,0.996515679,0.926829268,0.987224158,0.982578397,0.996515679,0.994192799,0.994192799,0.991869919,1,0.99883856,0.99767712,0.99767712,0.995354239,0.974448316,0.979094077,0.989818041,0.902783426,1.739180724
EOGHorizontalSignal,0.657458564,0.850828729,0.850828729,0.845303867,0.872928177,0.845303867,0.839779006,0.825966851,0.856353591,0.886740331,0.837016575,0.867403315,0.889502762,0.856353591,0.864640884,0.872928177,0.848066298,0.856353591,0.859116022,0.88121547,0.831491713,0.859116022,0.861878453,0.85359116,0.864640884,0.859116022,0.82320442,0.900552486,0.828729282,0.82320442,0.848987109,18.78586826,7.236115821
EOGVerticalSignal,0.580110497,0.814917127,0.82320442,0.803867403,0.837016575,0.82320442,0.801104972,0.82320442,0.820441989,0.787292818,0.798342541,0.831491713,0.814917127,0.837016575,0.809392265,0.814917127,0.814917127,0.820441989,0.85359116,0.803867403,0.798342541,0.834254144,0.820441989,0.814917127,0.834254144,0.814917127,0.82320442,0.831491713,0.803867403,0.79558011,0.809484346,20.94493438,7.967520293
Earthquakes,0.726618705,0.741007194,0.726618705,0.769784173,0.755395683,0.755395683,0.73381295,0.73381295,0.748201439,0.726618705,0.755395683,0.741007194,0.741007194,0.748201439,0.748201439,0.769784173,0.755395683,0.73381295,0.755395683,0.748201439,0.726618705,0.748201439,0.71942446,0.73381295,0.755395683,0.741007194,0.755395683,0.755395683,0.748201439,0.726618705,0.7441247,7.593356872,1.120805566
ElectricDeviceDetection,0.865711253,0.897823779,0.902866242,0.890923567,0.88641189,0.893577495,0.905785563,0.897027601,0.902070064,0.896496815,0.895700637,0.890127389,0.892781316,0.899150743,0.890923567,0.896496815,0.888269639,0.897558386,0.886677282,0.899681529,0.902866242,0.89888535,0.9007431,0.899150743,0.886677282,0.892781316,0.902600849,0.892781316,0.886146497,0.892781316,0.894382519,8.497990974,11.09368
ElectricDevices,0.750486318,0.898327065,0.895344313,0.899494229,0.897159901,0.895603683,0.897808326,0.895603683,0.89365841,0.896381792,0.904162884,0.901698872,0.900402023,0.899364544,0.897808326,0.899623914,0.90325509,0.900531708,0.896641162,0.900402023,0.899883284,0.897678641,0.896770847,0.900012968,0.896511477,0.901828557,0.897159901,0.900791078,0.904681624,0.897030217,0.893870229,483.0223788,10.78531214
EthanolLevel,0.676,0.822,0.842,0.802,0.856,0.832,0.806,0.816,0.798,0.824,0.806,0.824,0.8,0.8,0.824,0.81,0.824,0.832,0.826,0.81,0.846,0.794,0.806,0.852,0.812,0.834,0.816,0.804,0.822,0.824,0.814666667,25.21083719,12.0228566
FaceAll,0.834911243,0.987573964,0.989940828,0.986390533,0.986390533,0.982840237,0.985207101,0.979289941,0.98816568,0.98816568,0.983431953,0.988757396,0.987573964,0.986390533,0.985207101,0.980473373,0.984023669,0.986982249,0.987573964,0.98816568,0.986982249,0.985207101,0.982840237,0.982248521,0.986982249,0.986390533,0.98816568,0.986982249,0.985798817,0.979881657,0.980631164,10.53116999,3.576877554
FaceFour,0.977272727,0.988636364,0.75,0.852272727,0.931818182,0.886363636,0.875,0.954545455,0.886363636,0.886363636,0.965909091,0.954545455,0.943181818,0.931818182,0.954545455,0.965909091,0.886363636,0.897727273,0.863636364,0.954545455,0.863636364,0.886363636,0.909090909,0.920454545,0.954545455,0.931818182,0.977272727,0.886363636,0.977272727,0.852272727,0.915530303,1.036053737,0.548389316
FacesUCR,0.950731707,0.952195122,0.955121951,0.965853659,0.954146341,0.963902439,0.963414634,0.954634146,0.970243902,0.949756098,0.962926829,0.953658537,0.949756098,0.956097561,0.957073171,0.955609756,0.962926829,0.93902439,0.974634146,0.970243902,0.965365854,0.950243902,0.953658537,0.963414634,0.964390244,0.942439024,0.95902439,0.964878049,0.957073171,0.942439024,0.957495935,1.795212348,3.570028083
FiftyWords,0.784615385,0.76043956,0.782417582,0.767032967,0.791208791,0.762637363,0.762637363,0.782417582,0.773626374,0.795604396,0.758241758,0.797802198,0.769230769,0.773626374,0.782417582,0.762637363,0.764835165,0.784615385,0.782417582,0.793406593,0.782417582,0.769230769,0.749450549,0.8,0.762637363,0.786813187,0.78021978,0.793406593,0.762637363,0.764835165,0.776117216,10.00130952,2.635469206
Fish,0.977142857,0.977142857,0.988571429,0.982857143,0.965714286,0.96,0.965714286,0.942857143,0.96,0.982857143,0.942857143,0.96,0.948571429,0.965714286,0.971428571,0.977142857,0.948571429,0.954285714,0.971428571,0.965714286,0.965714286,0.965714286,0.971428571,0.982857143,0.965714286,0.977142857,0.994285714,0.977142857,0.971428571,0.971428571,0.968380952,4.552133918,1.210430884
FloodModeling1_disc,0.965346535,0.975247525,0.975247525,0.98019802,0.98019802,0.965346535,0.97029703,0.97029703,0.985148515,0.955445545,0.955445545,0.945544554,0.955445545,0.97029703,0.95049505,0.96039604,0.96039604,0.945544554,0.96039604,0.955445545,0.940594059,0.95049505,0.965346535,0.955445545,0.935643564,0.95049505,0.96039604,0.965346535,0.975247525,0.965346535,0.961551155,6.81376853,0.686668404
FloodModeling2_disc,0.970149254,0.985074627,0.975124378,0.990049751,0.970149254,0.975124378,0.980099502,0.980099502,0.985074627,0.980099502,0.985074627,0.980099502,0.980099502,0.980099502,0.990049751,0.990049751,0.960199005,0.980099502,0.985074627,0.975124378,0.965174129,0.975124378,0.950248756,0.980099502,0.985074627,0.985074627,0.960199005,0.955223881,0.990049751,0.970149254,0.977114428,5.357458909,0.693188572
FloodModeling3_disc,0.913043478,0.918478261,0.934782609,0.929347826,0.945652174,0.945652174,0.89673913,0.934782609,0.945652174,0.934782609,0.945652174,0.907608696,0.951086957,0.934782609,0.913043478,0.945652174,0.913043478,0.918478261,0.929347826,0.961956522,0.945652174,0.934782609,0.940217391,0.918478261,0.945652174,0.961956522,0.940217391,0.945652174,0.918478261,0.940217391,0.933695652,6.972845952,0.749108847
FordA,0.984848485,0.979545455,0.982575758,0.988636364,0.984090909,0.987121212,0.985606061,0.983333333,0.981060606,0.990909091,0.989393939,0.984090909,0.982575758,0.987878788,0.983333333,0.987878788,0.982575758,0.982575758,0.981818182,0.990909091,0.988636364,0.986363636,0.988636364,0.982575758,0.991666667,0.986363636,0.982575758,0.987878788,0.986363636,0.984848485,0.985555556,104.3999048,9.678957129
FordB,0.860493827,0.935802469,0.956790123,0.945679012,0.939506173,0.937037037,0.935802469,0.956790123,0.933333333,0.945679012,0.932098765,0.956790123,0.935802469,0.924691358,0.940740741,0.940740741,0.941975309,0.935802469,0.945679012,0.951851852,0.938271605,0.938271605,0.934567901,0.948148148,0.95308642,0.954320988,0.939506173,0.934567901,0.951851852,0.922222222,0.938930041,122.5304002,6.923848637
FreezerRegularTrain,0.997894737,0.995087719,0.997192982,0.996140351,0.989122807,0.998245614,0.996842105,0.992982456,0.996140351,0.998947368,0.99754386,0.992280702,0.995438596,0.996491228,0.998245614,0.995438596,0.996491228,0.996140351,0.995789474,0.998245614,0.995789474,0.996842105,0.994035088,0.994385965,0.99754386,0.996140351,0.996140351,0.997192982,0.998245614,0.998245614,0.996175439,2.017850741,12.28324184
FreezerSmallTrain,0.965263158,0.991578947,0.968070175,0.962105263,0.990175439,0.987368421,0.988070175,0.994035088,0.982807018,0.991578947,0.982105263,0.975087719,0.972631579,0.956491228,0.987719298,0.989122807,0.966666667,0.983508772,0.990526316,0.960701754,0.944210526,0.994385965,0.985614035,0.997894737,0.981754386,0.974385965,0.974035088,0.984912281,0.99122807,0.98,0.97980117,1.630090698,19.59187833
GestureMidAirD1_eq,0.769230769,0.730769231,0.723076923,0.792307692,0.7,0.730769231,0.723076923,0.761538462,0.738461538,0.746153846,0.723076923,0.707692308,0.676923077,0.761538462,0.723076923,0.753846154,0.715384615,0.723076923,0.715384615,0.738461538,0.753846154,0.784615385,0.769230769,0.707692308,0.730769231,0.738461538,0.730769231,0.746153846,0.692307692,0.738461538,0.734871795,6.965744702,0.757169652
GestureMidAirD2_eq,0.692307692,0.646153846,0.653846154,0.607692308,0.638461538,0.6,0.615384615,0.615384615,0.653846154,0.646153846,0.684615385,0.646153846,0.584615385,0.661538462,0.615384615,0.661538462,0.607692308,0.692307692,0.646153846,0.615384615,0.638461538,0.615384615,0.623076923,0.730769231,0.653846154,0.653846154,0.615384615,0.638461538,0.638461538,0.607692308,0.64,6.87951146,0.729112538
GestureMidAirD3_eq,0.553846154,0.492307692,0.584615385,0.492307692,0.569230769,0.538461538,0.530769231,0.6,0.546153846,0.507692308,0.515384615,0.530769231,0.469230769,0.453846154,0.530769231,0.507692308,0.523076923,0.538461538,0.515384615,0.553846154,0.546153846,0.515384615,0.561538462,0.461538462,0.469230769,0.553846154,0.569230769,0.507692308,0.453846154,0.507692308,0.523333333,7.506414874,0.751982307
GesturePebbleZ1_eq,0.895348837,0.930232558,0.924418605,0.970930233,0.947674419,0.924418605,0.959302326,0.965116279,0.965116279,0.947674419,0.959302326,0.947674419,0.959302326,0.947674419,0.941860465,0.936046512,0.970930233,0.976744186,0.970930233,0.941860465,0.930232558,0.965116279,0.953488372,0.959302326,0.959302326,0.953488372,0.936046512,0.912790698,0.936046512,0.941860465,0.947674419,3.533332594,1.341809352
GesturePebbleZ2_eq,0.886075949,0.943037975,0.96835443,0.987341772,0.981012658,0.930379747,0.943037975,0.949367089,0.917721519,0.936708861,0.930379747,0.962025316,0.981012658,0.974683544,0.955696203,0.943037975,0.962025316,0.917721519,0.949367089,0.987341772,0.962025316,0.974683544,0.974683544,0.981012658,0.943037975,0.949367089,0.949367089,0.974683544,0.955696203,0.96835443,0.95464135,4.106203461,1.351411223
GunPoint,1,1,1,0.993333333,1,0.986666667,0.986666667,1,1,1,0.993333333,1,0.973333333,1,1,0.98,0.986666667,0.993333333,1,0.946666667,1,1,1,0.986666667,0.993333333,1,1,0.946666667,0.993333333,0.993333333,0.991777778,1.05226992,0.368679961
GunPointAgeSpan,1,0.974683544,0.996835443,0.993670886,0.990506329,0.977848101,0.993670886,0.996835443,0.996835443,1,1,0.993670886,0.990506329,0.993670886,0.996835443,0.984177215,0.996835443,0.987341772,1,0.993670886,0.990506329,0.974683544,0.996835443,0.987341772,0.984177215,1,1,1,1,0.996835443,0.992932489,2.015590843,0.802569715
GunPointMaleVersusFemale,1,0.996835443,1,1,1,0.996835443,1,1,1,1,1,0.996835443,1,1,1,0.996835443,0.996835443,1,1,1,0.996835443,0.996835443,1,0.996835443,1,1,1,1,1,1,0.999156118,1.537834167,0.675283845
GunPointOldVersusYoung,1,1,1,1,1,1,1,1,1,1,1,1,1,1,1,1,1,1,1,1,1,1,1,1,1,1,1,1,1,1,1,1.300489942,0.65886867
Ham,0.742857143,0.80952381,0.8,0.838095238,0.8,0.904761905,0.838095238,0.828571429,0.866666667,0.885714286,0.847619048,0.80952381,0.885714286,0.857142857,0.828571429,0.819047619,0.838095238,0.866666667,0.866666667,0.819047619,0.838095238,0.857142857,0.828571429,0.876190476,0.857142857,0.876190476,0.847619048,0.828571429,0.847619048,0.780952381,0.83968254,2.930345138,0.770529103
HandOutlines,0.927027027,0.932432432,0.943243243,0.945945946,0.927027027,0.951351351,0.940540541,0.956756757,0.940540541,0.954054054,0.918918919,0.92972973,0.935135135,0.940540541,0.916216216,0.932432432,0.945945946,0.92972973,0.921621622,0.937837838,0.940540541,0.940540541,0.924324324,0.935135135,0.937837838,0.945945946,0.92972973,0.913513514,0.932432432,0.945945946,0.935765766,73.65036389,15.22488516
Haptics,0.542207792,0.532467532,0.545454545,0.542207792,0.519480519,0.519480519,0.487012987,0.532467532,0.564935065,0.50974026,0.525974026,0.535714286,0.535714286,0.5,0.564935065,0.564935065,0.545454545,0.535714286,0.5,0.555194805,0.519480519,0.506493506,0.506493506,0.5,0.542207792,0.516233766,0.525974026,0.542207792,0.5,0.5,0.527272727,6.648529331,4.62903982
Herring,0.6875,0.640625,0.53125,0.625,0.640625,0.625,0.5625,0.640625,0.5625,0.609375,0.59375,0.671875,0.625,0.65625,0.5625,0.609375,0.546875,0.546875,0.546875,0.578125,0.625,0.578125,0.59375,0.515625,0.65625,0.640625,0.59375,0.53125,0.65625,0.53125,0.599479167,2.230364633,0.58229727
HouseTwenty,0.974789916,0.941176471,0.966386555,0.974789916,0.974789916,0.966386555,0.941176471,0.957983193,0.966386555,0.932773109,0.932773109,0.974789916,0.974789916,0.974789916,0.991596639,0.957983193,0.983193277,0.974789916,0.983193277,0.974789916,0.941176471,0.974789916,0.932773109,0.974789916,0.983193277,0.932773109,0.949579832,0.974789916,0.991596639,0.966386555,0.964705882,2.539231555,3.436029983
InlineSkate,0.654545455,0.703636364,0.687272727,0.707272727,0.630909091,0.625454545,0.689090909,0.581818182,0.636363636,0.674545455,0.68,0.694545455,0.654545455,0.650909091,0.630909091,0.656363636,0.656363636,0.672727273,0.625454545,0.603636364,0.68,0.689090909,0.636363636,0.683636364,0.663636364,0.689090909,0.630909091,0.66,0.674545455,0.703636364,0.660909091,7.455123599,17.73218393
InsectEPGRegularTrain,1,1,1,1,1,1,1,1,1,1,1,1,1,1,1,1,1,1,1,1,1,1,1,1,1,1,1,1,1,1,1,1.79382507,2.205458975
InsectEPGSmallTrain,1,1,1,1,1,1,1,1,1,1,1,1,1,1,1,1,1,1,1,1,1,1,1,1,1,1,1,1,1,1,1,0.913920689,2.040035121
InsectWingbeatSound,0.682323232,0.66969697,0.653030303,0.671212121,0.686868687,0.664141414,0.648989899,0.656565657,0.67979798,0.672727273,0.65959596,0.665151515,0.671212121,0.670707071,0.676767677,0.666161616,0.647979798,0.65959596,0.66010101,0.647474747,0.637878788,0.667676768,0.646464646,0.674242424,0.671717172,0.66010101,0.656565657,0.662626263,0.662626263,0.675252525,0.664175084,7.861075433,9.243049375
ItalyPowerDemand,0.96404276,0.948493683,0.962099125,0.970845481,0.970845481,0.971817298,0.965014577,0.972789116,0.946550049,0.969873664,0.959183673,0.963070943,0.965986395,0.965986395,0.966958212,0.968901846,0.958211856,0.96404276,0.966958212,0.968901846,0.965014577,0.963070943,0.961127308,0.966958212,0.966958212,0.965986395,0.968901846,0.960155491,0.947521866,0.963070943,0.963977972,0.3557621,0.285841163
KeplerLightCurves,0.969924812,0.977443609,0.969924812,0.972431078,0.972431078,0.962406015,0.969924812,0.957393484,0.979949875,0.977443609,0.972431078,0.98245614,0.979949875,0.967418546,0.972431078,0.977443609,0.974937343,0.957393484,0.967418546,0.974937343,0.974937343,0.969924812,0.967418546,0.974937343,0.972431078,0.974937343,0.967418546,0.977443609,0.972431078,0.969924812,0.971929825,92.74118532,30.28706011
LargeKitchenAppliances,0.853333333,0.906666667,0.898666667,0.872,0.888,0.853333333,0.909333333,0.909333333,0.874666667,0.917333333,0.912,0.874666667,0.898666667,0.901333333,0.909333333,0.890666667,0.890666667,0.893333333,0.877333333,0.896,0.909333333,0.909333333,0.901333333,0.888,0.912,0.882666667,0.904,0.92,0.869333333,0.888,0.893688889,9.845341897,3.157382393
Lightning2,0.737704918,0.786885246,0.754098361,0.786885246,0.721311475,0.754098361,0.721311475,0.721311475,0.655737705,0.672131148,0.770491803,0.737704918,0.754098361,0.819672131,0.754098361,0.786885246,0.852459016,0.754098361,0.655737705,0.721311475,0.770491803,0.754098361,0.639344262,0.68852459,0.737704918,0.836065574,0.770491803,0.737704918,0.62295082,0.704918033,0.739344262,2.075774542,0.627280855
Lightning7,0.808219178,0.794520548,0.657534247,0.739726027,0.739726027,0.739726027,0.767123288,0.780821918,0.739726027,0.739726027,0.712328767,0.808219178,0.753424658,0.767123288,0.684931507,0.767123288,0.808219178,0.808219178,0.808219178,0.684931507,0.767123288,0.726027397,0.863013699,0.753424658,0.767123288,0.780821918,0.739726027,0.794520548,0.726027397,0.767123288,0.759817352,2.601147358,0.452222323
Mallat,0.977398721,0.959488273,0.96673774,0.976545842,0.975266525,0.988059701,0.988486141,0.982089552,0.981236674,0.986353945,0.982089552,0.979104478,0.965458422,0.971002132,0.979104478,0.984648188,0.97782516,0.970149254,0.968869936,0.975266525,0.985927505,0.981236674,0.967164179,0.98891258,0.965458422,0.992324094,0.973560768,0.970149254,0.965031983,0.981236674,0.976872779,2.992871364,55.84848676
Meat,0.933333333,1,1,0.966666667,1,1,1,1,0.983333333,1,1,1,1,0.966666667,1,0.966666667,1,1,1,1,1,1,1,0.966666667,1,0.966666667,0.966666667,1,1,1,0.990555556,1.650822051,0.436504197
MedicalImages,0.796052632,0.790789474,0.797368421,0.797368421,0.801315789,0.817105263,0.768421053,0.777631579,0.790789474,0.798684211,0.810526316,0.817105263,0.781578947,0.797368421,0.794736842,0.780263158,0.773684211,0.797368421,0.784210526,0.803947368,0.803947368,0.784210526,0.810526316,0.819736842,0.802631579,0.807894737,0.794736842,0.819736842,0.802631579,0.803947368,0.79754386,5.9260559,1.028502599
MelbournePedestrian_nmv,0.969383355,0.968520914,0.971970677,0.970245796,0.965933592,0.965502372,0.965933592,0.969814575,0.968952135,0.968952135,0.968952135,0.968520914,0.968952135,0.965933592,0.96377749,0.968952135,0.964639931,0.966796033,0.971539457,0.970677016,0.971108236,0.971970677,0.964639931,0.973264338,0.965071151,0.968952135,0.968952135,0.964208711,0.961621389,0.964639931,0.967945954,3.715581409,0.616070684
MiddlePhalanxOutlineAgeGroup,0.545454545,0.603896104,0.714285714,0.668831169,0.649350649,0.642857143,0.675324675,0.642857143,0.649350649,0.590909091,0.668831169,0.649350649,0.688311688,0.636363636,0.649350649,0.597402597,0.668831169,0.642857143,0.694805195,0.668831169,0.668831169,0.662337662,0.649350649,0.62987013,0.616883117,0.649350649,0.62987013,0.688311688,0.662337662,0.655844156,0.648701299,4.122167802,0.213327821
MiddlePhalanxOutlineCorrect,0.845360825,0.821305842,0.890034364,0.865979381,0.859106529,0.852233677,0.848797251,0.852233677,0.869415808,0.852233677,0.859106529,0.865979381,0.848797251,0.862542955,0.855670103,0.828178694,0.859106529,0.869415808,0.845360825,0.865979381,0.87628866,0.87628866,0.835051546,0.852233677,0.841924399,0.845360825,0.869415808,0.862542955,0.859106529,0.817869416,0.855097365,8.484246492,0.409511852
MiddlePhalanxTW,0.597402597,0.577922078,0.590909091,0.603896104,0.558441558,0.603896104,0.584415584,0.571428571,0.551948052,0.551948052,0.551948052,0.564935065,0.590909091,0.564935065,0.590909091,0.545454545,0.577922078,0.590909091,0.512987013,0.571428571,0.538961039,0.584415584,0.545454545,0.584415584,0.590909091,0.603896104,0.551948052,0.590909091,0.584415584,0.590909091,0.574025974,5.246879307,0.21670959
MixedShapesRegularTrain,0.975257732,0.974020619,0.976494845,0.970721649,0.973608247,0.975670103,0.969072165,0.97443299,0.979381443,0.965360825,0.974020619,0.966597938,0.977731959,0.977731959,0.976082474,0.978969072,0.974845361,0.975257732,0.975257732,0.972783505,0.976082474,0.976494845,0.973608247,0.97443299,0.967835052,0.97814433,0.974845361,0.981443299,0.977731959,0.981443299,0.974845361,17.42179809,40.51347907
MixedShapesSmallTrain,0.952989691,0.932371134,0.930309278,0.963298969,0.932783505,0.958350515,0.944329897,0.955051546,0.954639175,0.945979381,0.941030928,0.944329897,0.934845361,0.915463918,0.921237113,0.919175258,0.929484536,0.941443299,0.934020619,0.931546392,0.955463918,0.953402062,0.942680412,0.937319588,0.942268041,0.942680412,0.95257732,0.935257732,0.95257732,0.931546392,0.940948454,4.20143195,42.48569655
MoteStrain,0.939297125,0.877795527,0.903354633,0.872204473,0.944888179,0.849840256,0.911341853,0.917731629,0.912939297,0.930511182,0.904153355,0.930511182,0.916134185,0.888178914,0.8985623,0.931309904,0.887380192,0.901757188,0.916134185,0.917731629,0.900958466,0.876198083,0.946485623,0.908945687,0.920926518,0.922523962,0.924920128,0.910543131,0.906549521,0.915335463,0.909504792,0.655634316,1.442889794
NonInvasiveFetalECGThorax1,0.948600509,0.960305344,0.957251908,0.954198473,0.953689567,0.952671756,0.963358779,0.957251908,0.957760814,0.951653944,0.953689567,0.953180662,0.957251908,0.961832061,0.959287532,0.955725191,0.958778626,0.956234097,0.959796438,0.950127226,0.957760814,0.956743003,0.952671756,0.959796438,0.956234097,0.957251908,0.961832061,0.960814249,0.954198473,0.960814249,0.956692112,76.60237243,23.86610868
NonInvasiveFetalECGThorax2,0.960814249,0.965394402,0.968956743,0.962849873,0.959287532,0.963358779,0.970483461,0.968956743,0.95826972,0.959796438,0.955216285,0.955725191,0.958778626,0.969465649,0.960305344,0.962340967,0.969974555,0.962849873,0.963867684,0.962849873,0.961323155,0.959796438,0.958778626,0.966412214,0.962849873,0.96437659,0.965903308,0.95826972,0.966412214,0.967938931,0.963053435,62.45558125,20.88323449
OSULeaf,0.966942149,0.958677686,0.966942149,0.97107438,0.950413223,0.946280992,0.950413223,0.933884298,0.946280992,0.933884298,0.94214876,0.950413223,0.929752066,0.938016529,0.958677686,0.921487603,0.933884298,0.933884298,0.954545455,0.925619835,0.950413223,0.950413223,0.933884298,0.946280992,0.94214876,0.921487603,0.946280992,0.962809917,0.962809917,0.946280992,0.945867769,4.927518487,1.467952649
OliveOil,0.866666667,0.9,0.9,0.933333333,0.866666667,0.933333333,0.933333333,0.866666667,0.9,0.8,0.866666667,0.933333333,0.9,0.966666667,0.9,0.9,0.833333333,0.9,0.933333333,0.9,0.9,0.866666667,0.833333333,0.866666667,0.933333333,0.9,0.9,0.833333333,0.9,1,0.895555556,1.121809522,0.312805955
PLAID_eq,0.899441341,0.897579143,0.893854749,0.916201117,0.888268156,0.880819367,0.927374302,0.884543762,0.903165736,0.910614525,0.91433892,0.905027933,0.91433892,0.888268156,0.893854749,0.893854749,0.901303538,0.895716946,0.880819367,0.888268156,0.936685289,0.890130354,0.90689013,0.90689013,0.929236499,0.90689013,0.908752328,0.908752328,0.916201117,0.918063315,0.903538175,26.06079823,11.87272185
PhalangesOutlinesCorrect,0.833333333,0.84965035,0.86013986,0.858974359,0.850815851,0.854312354,0.856643357,0.847319347,0.836829837,0.869463869,0.850815851,0.850815851,0.875291375,0.856643357,0.861305361,0.865967366,0.854312354,0.847319347,0.86013986,0.854312354,0.86013986,0.82983683,0.842657343,0.858974359,0.844988345,0.867132867,0.846153846,0.857808858,0.843822844,0.846153846,0.853069153,32.64678069,1.069661395
PhoneHeartbeatSound,0.686813187,0.67032967,0.642857143,0.675824176,0.664835165,0.631868132,0.659340659,0.686813187,0.642857143,0.653846154,0.664835165,0.664835165,0.67032967,0.631868132,0.659340659,0.631868132,0.637362637,0.648351648,0.659340659,0.653846154,0.659340659,0.67032967,0.675824176,0.637362637,0.67032967,0.593406593,0.692307692,0.626373626,0.686813187,0.659340659,0.656959707,40.86452494,10.09599778
Phoneme,0.40664557,0.414029536,0.399261603,0.396097046,0.384493671,0.412447257,0.389240506,0.394514768,0.393459916,0.418776371,0.396097046,0.399261603,0.406118143,0.417194093,0.407700422,0.392405063,0.421940928,0.399261603,0.420886076,0.399261603,0.403481013,0.394514768,0.38185654,0.384493671,0.437236287,0.408227848,0.416666667,0.419303797,0.403481013,0.428270042,0.404887482,11.27481669,48.05537651
PickupGestureWiimoteZ_eq,0.84,0.82,0.8,0.88,0.84,0.88,0.78,0.78,0.86,0.84,0.84,0.78,0.86,0.86,0.82,0.84,0.86,0.78,0.88,0.86,0.76,0.78,0.84,0.84,0.86,0.78,0.88,0.88,0.9,0.82,0.834666667,2.01568946,0.339606349
PigAirwayPressure,0.557692308,0.567307692,0.567307692,0.591346154,0.552884615,0.548076923,0.658653846,0.629807692,0.610576923,0.610576923,0.576923077,0.519230769,0.639423077,0.644230769,0.581730769,0.600961538,0.519230769,0.596153846,0.6875,0.600961538,0.605769231,0.610576923,0.524038462,0.625,0.548076923,0.586538462,0.615384615,0.524038462,0.528846154,0.572115385,0.586698718,7.311969248,7.581999969
PigArtPressure,0.951923077,0.927884615,0.918269231,0.923076923,0.908653846,0.947115385,0.951923077,0.947115385,0.947115385,0.942307692,0.932692308,0.894230769,0.947115385,0.942307692,0.9375,0.913461538,0.927884615,0.951923077,0.923076923,0.932692308,0.913461538,0.918269231,0.956730769,0.947115385,0.923076923,0.9375,0.961538462,0.899038462,0.956730769,0.918269231,0.933333333,7.617583982,7.874691407
PigCVP,0.836538462,0.769230769,0.769230769,0.740384615,0.711538462,0.802884615,0.788461538,0.711538462,0.788461538,0.778846154,0.778846154,0.778846154,0.802884615,0.764423077,0.783653846,0.807692308,0.793269231,0.788461538,0.774038462,0.788461538,0.75,0.8125,0.75,0.822115385,0.745192308,0.769230769,0.740384615,0.778846154,0.788461538,0.774038462,0.776282051,7.068824855,7.099495037
Plane,1,1,1,1,1,1,1,1,1,1,1,1,1,1,1,1,1,1,1,1,1,1,1,1,1,1,1,1,1,1,1,1.720390956,0.275859483
PowerCons,1,0.983333333,0.988888889,0.988888889,0.994444444,0.994444444,0.988888889,1,1,0.983333333,0.966666667,0.983333333,0.994444444,0.994444444,1,1,1,0.983333333,0.994444444,1,1,1,0.994444444,0.988888889,1,1,0.988888889,0.988888889,0.988888889,0.983333333,0.992407407,2.179587142,0.490867782
ProximalPhalanxOutlineAgeGroup,0.853658537,0.858536585,0.804878049,0.848780488,0.853658537,0.848780488,0.873170732,0.814634146,0.829268293,0.824390244,0.873170732,0.873170732,0.873170732,0.83902439,0.882926829,0.834146341,0.873170732,0.819512195,0.863414634,0.873170732,0.873170732,0.858536585,0.863414634,0.829268293,0.863414634,0.853658537,0.809756098,0.863414634,0.834146341,0.87804878,0.851382114,3.804812225,0.257387964
ProximalPhalanxOutlineCorrect,0.907216495,0.886597938,0.900343643,0.903780069,0.89347079,0.917525773,0.859106529,0.914089347,0.917525773,0.920962199,0.903780069,0.920962199,0.89347079,0.900343643,0.900343643,0.903780069,0.883161512,0.907216495,0.900343643,0.890034364,0.900343643,0.907216495,0.886597938,0.879725086,0.920962199,0.886597938,0.903780069,0.907216495,0.900343643,0.89347079,0.900343643,7.053836664,0.413393545
ProximalPhalanxTW,0.829268293,0.843902439,0.804878049,0.829268293,0.809756098,0.829268293,0.809756098,0.829268293,0.809756098,0.843902439,0.834146341,0.804878049,0.819512195,0.819512195,0.843902439,0.809756098,0.795121951,0.814634146,0.829268293,0.83902439,0.829268293,0.809756098,0.824390244,0.8,0.795121951,0.8,0.814634146,0.809756098,0.8,0.824390244,0.818536585,3.866540893,0.255103445
RefrigerationDevices,0.669333333,0.808,0.8,0.776,0.757333333,0.808,0.816,0.794666667,0.757333333,0.797333333,0.802666667,0.786666667,0.770666667,0.805333333,0.776,0.813333333,0.784,0.8,0.762666667,0.757333333,0.784,0.786666667,0.786666667,0.792,0.778666667,0.8,0.792,0.805333333,0.797333333,0.813333333,0.785955556,14.00330908,4.710472067
Rock,0.8,0.9,0.88,0.94,0.9,0.92,0.92,0.94,0.84,0.9,0.78,0.84,0.9,0.86,0.84,0.86,0.78,0.88,0.9,0.88,0.82,0.94,0.88,0.92,0.92,0.96,0.94,0.94,0.86,0.9,0.884666667,2.192597485,2.097791672
ScreenType,0.546666667,0.717333333,0.690666667,0.709333333,0.674666667,0.674666667,0.712,0.674666667,0.674666667,0.72,0.669333333,0.701333333,0.709333333,0.672,0.656,0.685333333,0.677333333,0.666666667,0.68,0.701333333,0.698666667,0.634666667,0.712,0.621333333,0.677333333,0.714666667,0.656,0.669333333,0.68,0.666666667,0.678133333,14.10536491,3.769288238
SemgHandGenderCh2,0.963333333,0.963333333,0.963333333,0.953333333,0.955,0.968333333,0.963333333,0.966666667,0.963333333,0.966666667,0.965,0.956666667,0.975,0.961666667,0.965,0.968333333,0.963333333,0.963333333,0.965,0.963333333,0.963333333,0.961666667,0.961666667,0.956666667,0.958333333,0.968333333,0.955,0.951666667,0.958333333,0.968333333,0.962555556,14.75766716,15.93108826
SemgHandMovementCh2,0.833333333,0.891111111,0.884444444,0.888888889,0.871111111,0.862222222,0.902222222,0.884444444,0.857777778,0.86,0.844444444,0.884444444,0.873333333,0.848888889,0.826666667,0.888888889,0.862222222,0.862222222,0.855555556,0.844444444,0.846666667,0.851111111,0.855555556,0.871111111,0.877777778,0.871111111,0.837777778,0.871111111,0.877777778,0.891111111,0.865925926,21.75930243,10.03901904
SemgHandSubjectCh2,0.922222222,0.948888889,0.955555556,0.955555556,0.924444444,0.953333333,0.946666667,0.96,0.968888889,0.962222222,0.964444444,0.968888889,0.951111111,0.924444444,0.953333333,0.955555556,0.931111111,0.924444444,0.94,0.964444444,0.96,0.931111111,0.973333333,0.937777778,0.96,0.953333333,0.964444444,0.942222222,0.937777778,0.933333333,0.948962963,23.6621179,12.18013076
ShakeGestureWiimoteZ_eq,0.94,0.84,0.98,0.9,0.86,0.92,0.88,0.96,0.86,0.86,0.92,0.84,0.92,0.96,0.94,0.84,0.86,0.84,0.86,0.86,0.9,0.94,0.82,0.9,0.94,0.96,0.88,0.9,0.92,0.86,0.895333333,2.039877582,0.357035859
ShapeletSim,1,1,1,1,1,1,0.994444444,1,1,1,1,1,1,1,1,1,1,1,1,1,1,1,1,1,1,1,1,1,1,1,0.999814815,1.127098656,1.381084967
ShapesAll,0.9,0.921666667,0.936666667,0.94,0.931666667,0.936666667,0.901666667,0.936666667,0.951666667,0.925,0.928333333,0.915,0.936666667,0.923333333,0.925,0.93,0.925,0.923333333,0.941666667,0.928333333,0.945,0.936666667,0.925,0.936666667,0.926666667,0.943333333,0.926666667,0.943333333,0.921666667,0.931666667,0.929833333,34.66417219,5.581407634
SharePriceIncrease,0.689440994,0.69047619,0.6873706,0.685300207,0.686335404,0.685300207,0.6873706,0.68426501,0.68426501,0.688405797,0.686335404,0.686335404,0.68426501,0.685300207,0.6873706,0.688405797,0.682194617,0.697722567,0.695652174,0.67805383,0.688405797,0.695652174,0.689440994,0.69047619,0.68426501,0.689440994,0.686335404,0.6873706,0.692546584,0.685300207,0.687646653,14.31725713,0.955019156
SmallKitchenAppliances,0.837333333,0.832,0.856,0.84,0.853333333,0.866666667,0.842666667,0.842666667,0.818666667,0.856,0.866666667,0.869333333,0.858666667,0.869333333,0.848,0.850666667,0.829333333,0.837333333,0.848,0.8,0.845333333,0.864,0.872,0.861333333,0.877333333,0.829333333,0.848,0.858666667,0.845333333,0.853333333,0.849244444,9.585088571,2.990947803
SmoothSubspace,0.966666667,0.96,0.973333333,0.96,0.98,0.98,0.96,0.96,0.986666667,0.953333333,0.98,0.986666667,0.966666667,0.986666667,0.98,0.986666667,0.993333333,0.966666667,0.973333333,0.966666667,0.986666667,0.993333333,0.96,0.96,0.98,0.98,0.98,0.986666667,0.973333333,0.98,0.974888889,0.338608066,0.042155155
SonyAIBORobotSurface1,0.921797005,0.891846922,0.908485857,0.752079867,0.945091514,0.921797005,0.948419301,0.940099834,0.945091514,0.946755408,0.911813644,0.961730449,0.838602329,0.925124792,0.955074875,0.965058236,0.976705491,0.958402662,0.940099834,0.896838602,0.93344426,0.973377704,0.940099834,0.953410982,0.898502496,0.970049917,0.926788686,0.975041597,0.953410982,0.93344426,0.930282862,0.566185776,0.551532722
SonyAIBORobotSurface2,0.951731375,0.948583421,0.95383001,0.95383001,0.95383001,0.963273872,0.952780693,0.95383001,0.948583421,0.952780693,0.950682057,0.954879328,0.958027282,0.970619098,0.944386149,0.951731375,0.951731375,0.956977964,0.915005247,0.945435467,0.844700944,0.956977964,0.929695698,0.950682057,0.9590766,0.941238195,0.949632739,0.942287513,0.944386149,0.952780693,0.94679958,0.589208182,0.792676552
StarLightCurves,0.98215153,0.979601748,0.981787275,0.981665857,0.98081593,0.979601748,0.981908694,0.983001457,0.982030112,0.982515784,0.982030112,0.981544439,0.983122875,0.982030112,0.981787275,0.98081593,0.981301603,0.981665857,0.981180185,0.980694512,0.981787275,0.981544439,0.982394366,0.982394366,0.982880039,0.981908694,0.98215153,0.980937348,0.981908694,0.982394366,0.981718472,29.9278221,133.8019631
Strawberry,0.972972973,0.972972973,0.981081081,0.981081081,0.967567568,0.972972973,0.983783784,0.954054054,0.983783784,0.978378378,0.981081081,0.964864865,0.975675676,0.981081081,0.967567568,0.991891892,0.972972973,0.981081081,0.981081081,0.986486486,0.975675676,0.975675676,0.986486486,0.989189189,0.978378378,0.964864865,0.97027027,0.97027027,0.975675676,0.981081081,0.976666667,9.90266041,1.501469127
SwedishLeaf,0.9664,0.9616,0.976,0.9696,0.968,0.968,0.968,0.9712,0.9712,0.9712,0.96,0.976,0.9744,0.9744,0.9728,0.9792,0.976,0.9664,0.9776,0.9712,0.9728,0.9728,0.9728,0.976,0.9744,0.976,0.9776,0.9664,0.9712,0.976,0.97184,6.933109117,1.038070027
Symbols,0.968844221,0.974874372,0.943718593,0.947738693,0.969849246,0.96281407,0.953768844,0.96080402,0.972864322,0.945728643,0.969849246,0.959798995,0.957788945,0.949748744,0.95678392,0.943718593,0.968844221,0.967839196,0.977889447,0.952763819,0.95879397,0.981909548,0.972864322,0.945728643,0.959798995,0.968844221,0.969849246,0.964824121,0.975879397,0.982914573,0.962914573,1.168615929,6.197090546
SyntheticControl,0.996666667,0.993333333,0.996666667,0.996666667,0.996666667,0.996666667,0.996666667,0.993333333,0.993333333,0.996666667,0.996666667,1,0.993333333,0.996666667,0.996666667,0.996666667,0.996666667,0.99,1,0.996666667,1,0.996666667,0.996666667,1,0.996666667,0.996666667,0.996666667,1,0.993333333,0.99,0.996222222,2.998523442,0.435002637
ToeSegmentation1,0.929824561,0.899122807,0.877192982,0.837719298,0.951754386,0.912280702,0.877192982,0.907894737,0.903508772,0.881578947,0.912280702,0.894736842,0.903508772,0.894736842,0.899122807,0.864035088,0.934210526,0.929824561,0.885964912,0.885964912,0.877192982,0.868421053,0.899122807,0.934210526,0.912280702,0.903508772,0.916666667,0.929824561,0.885964912,0.903508772,0.900438596,1.27779266,0.957354315
ToeSegmentation2,0.9,0.9,0.915384615,0.876923077,0.907692308,0.830769231,0.930769231,0.853846154,0.869230769,0.892307692,0.892307692,0.853846154,0.853846154,0.938461538,0.853846154,0.907692308,0.884615385,0.915384615,0.892307692,0.961538462,0.953846154,0.9,0.9,0.853846154,0.9,0.876923077,0.923076923,0.930769231,0.930769231,0.807692308,0.893589744,1.504669245,0.824776983
Tools,0.880597015,0.917910448,0.888059701,0.902985075,0.910447761,0.888059701,0.880597015,0.902985075,0.873134328,0.910447761,0.925373134,0.895522388,0.917910448,0.917910448,0.888059701,0.865671642,0.902985075,0.858208955,0.917910448,0.910447761,0.858208955,0.888059701,0.940298507,0.917910448,0.910447761,0.873134328,0.880597015,0.880597015,0.902985075,0.873134328,0.8960199,36.62630003,8.949097562
Trace,1,1,1,1,1,1,1,1,1,1,1,1,1,1,1,1,1,1,1,1,1,1,1,1,1,1,1,1,1,1,1,2.238767656,0.541893387
TwoLeadECG,0.997366111,0.998244074,0.993854258,0.958735733,0.991220369,0.997366111,0.992976295,0.992976295,0.976294996,0.998244074,0.996488147,0.975417032,0.999122037,0.994732221,0.998244074,0.995610184,0.994732221,0.997366111,0.997366111,0.964881475,0.996488147,0.996488147,0.996488147,0.991220369,0.976294996,0.983318701,0.997366111,0.992098332,0.982440737,0.982440737,0.990196078,0.719624313,1.36282413
TwoPatterns,1,1,0.99975,0.9995,0.99975,0.99925,1,0.99975,1,1,0.99975,1,1,1,0.999,1,1,1,0.99975,1,1,0.99975,0.99975,0.99975,0.99975,1,1,0.99975,1,1,0.999841667,11.42615107,7.064066935
UMD,0.993055556,0.902777778,0.993055556,0.979166667,0.993055556,0.979166667,0.993055556,0.993055556,0.944444444,0.993055556,0.993055556,0.972222222,0.944444444,0.993055556,0.965277778,1,0.993055556,0.986111111,1,0.993055556,0.993055556,0.979166667,0.993055556,1,1,1,0.972222222,0.993055556,0.986111111,0.972222222,0.983101852,1.026685532,0.344224866
UWaveGestureLibraryAll,0.977945282,0.976828587,0.980457845,0.974036851,0.979620324,0.975153546,0.979061977,0.972082635,0.978224456,0.979061977,0.977107761,0.979899497,0.977666108,0.980737018,0.975432719,0.974036851,0.978503629,0.977386935,0.977666108,0.980737018,0.977107761,0.977386935,0.985203797,0.974874372,0.978224456,0.97934115,0.981016192,0.975432719,0.976549414,0.979061977,0.97786153,36.29581117,64.30140115
UWaveGestureLibraryX,0.864042434,0.860413177,0.866834171,0.859575656,0.866834171,0.87828029,0.85678392,0.862088219,0.85985483,0.876884422,0.871859296,0.857342267,0.864600782,0.862088219,0.858179788,0.85678392,0.864879955,0.864879955,0.866554997,0.869905081,0.864321608,0.861529872,0.867113345,0.855108878,0.868509213,0.869346734,0.872975991,0.864600782,0.862646566,0.862646566,0.86458217,25.84540195,19.0045424
UWaveGestureLibraryY,0.790898939,0.786711334,0.777777778,0.77945282,0.794528197,0.804857621,0.790061418,0.791178113,0.80094919,0.802065885,0.796482412,0.797319933,0.799274149,0.788944724,0.80318258,0.797599107,0.797319933,0.797040759,0.799274149,0.792573981,0.796761586,0.790061418,0.794249023,0.785315466,0.79787828,0.784757119,0.796203238,0.798994975,0.799274149,0.79787828,0.794295552,26.86749702,18.62945739
UWaveGestureLibraryZ,0.789223897,0.78559464,0.81239531,0.786990508,0.810720268,0.796761586,0.8093244,0.811278615,0.795086544,0.795924065,0.80625349,0.798994975,0.798715801,0.782802903,0.798157454,0.805136795,0.798715801,0.804020101,0.807370184,0.789223897,0.8093244,0.80094919,0.787548855,0.798436628,0.798715801,0.792853155,0.795365717,0.798436628,0.806532663,0.799832496,0.799022892,22.07937504,16.05897341
Wafer,0.999188838,0.999188838,0.999188838,0.999837768,0.997728748,1,0.999513303,0.998539909,0.999188838,0.998864374,1,1,0.99789098,0.999837768,0.998702141,0.997242051,0.999513303,0.998539909,0.999351071,0.999188838,0.999675535,0.99789098,0.999026606,0.999837768,0.999513303,0.999837768,0.999837768,0.998864374,0.999675535,1,0.999188838,9.086457054,15.76478177
Wine,0.851851852,0.925925926,0.944444444,0.888888889,0.851851852,0.925925926,0.907407407,0.981481481,0.888888889,0.944444444,1,0.87037037,0.814814815,0.981481481,1,0.962962963,0.981481481,0.944444444,0.888888889,0.888888889,0.962962963,0.888888889,0.925925926,0.925925926,1,0.944444444,1,0.851851852,0.888888889,0.944444444,0.925925926,1.751375326,0.297679623
WordSynonyms,0.689655172,0.694357367,0.681818182,0.673981191,0.705329154,0.694357367,0.675548589,0.659874608,0.706896552,0.680250784,0.666144201,0.695924765,0.714733542,0.673981191,0.678683386,0.677115987,0.678683386,0.691222571,0.70846395,0.694357367,0.678683386,0.705329154,0.667711599,0.697492163,0.688087774,0.695924765,0.675548589,0.721003135,0.721003135,0.684952978,0.6892372,4.030585384,2.4942559
Worms,0.766233766,0.74025974,0.74025974,0.818181818,0.779220779,0.779220779,0.818181818,0.87012987,0.779220779,0.766233766,0.831168831,0.792207792,0.779220779,0.753246753,0.818181818,0.753246753,0.792207792,0.844155844,0.818181818,0.779220779,0.805194805,0.753246753,0.688311688,0.805194805,0.74025974,0.818181818,0.714285714,0.675324675,0.818181818,0.805194805,0.781385281,6.300374166,1.048302968
WormsTwoClass,0.818181818,0.883116883,0.831168831,0.779220779,0.844155844,0.792207792,0.766233766,0.857142857,0.766233766,0.792207792,0.818181818,0.779220779,0.766233766,0.805194805,0.857142857,0.792207792,0.87012987,0.779220779,0.857142857,0.805194805,0.831168831,0.779220779,0.844155844,0.818181818,0.844155844,0.844155844,0.844155844,0.779220779,0.896103896,0.779220779,0.817316017,6.928304712,1.273552386
Yoga,0.903666667,0.899,0.913,0.909666667,0.903666667,0.919666667,0.923666667,0.909666667,0.916,0.915666667,0.906333333,0.892666667,0.894,0.903,0.885333333,0.891,0.911333333,0.911666667,0.920333333,0.914,0.898,0.905,0.907666667,0.893666667,0.92,0.903,0.914666667,0.924666667,0.914333333,0.910333333,0.907822222,7.984894474,21.12211425